ID,distance
000000,1.368765773387519
000001,2.3906131936583344
000002,1.7117209334350678
000003,1.6525975531929018
000004,1.667510819477342
000005,1.7021100401475535
000006,2.186769856193775
000007,1.4617286887733076
000008,2.1519156262411427
000009,1.120803935
000010,1.6021896869367536
000011,1.753047768859493
000012,1.0751034142820193
000013,0.4371612796379554
000014,0.8709684198491711
000015,1.715565291154151
000016,2.3145687092418408
000017,1.6627053743824896
000018,1.5448549285579756
000019,0.7957440570143026
000020,1.507175422961299
000021,1.8400453946148216
000022,1.826802194231789
000023,2.034766695430237
000024,2.1451334919399145
000025,1.3070782502229792
000026,1.5773402246935695
000027,2.193547064386744
000028,1.601195657463054
000029,0.7724022054887723
000030,2.181466589
000031,1.8573313453519007
000032,2.2158150498284708
000033,1.7578532142940395
000034,1.1783999794605684
000035,1.2881352208855774
000036,1.2104413253926016
000037,2.124806781327537
000038,1.3778830440694232
000039,1.629067248968883
000040,1.8911577425656565
000041,1.4908020527114163
000042,1.6252228901680157
000043,1.3590265504028587
000044,1.6982656801398186
000045,1.827809833042973
000046,2.1410383545621485
000047,1.5752625250855496
000048,2.0234464635155507
000049,1.2412547772080431
000050,1.545077268384299
000051,1.4388092294822965
000052,1.1799712476067743
000053,2.3731751852984044
000054,2.151915625770628
000055,1.8361812562377835
000056,1.5024740247505703
000057,1.1856601096272992
000058,1.8013371048427196
000059,2.3891180342530194
000060,0.9828244678850508
000061,2.059939192
000062,0.940592728
000063,1.6934602306462356
000064,1.6282495776076844
000065,1.5089063170214936
000066,1.7222685252831662
000067,2.166825560425756
000068,2.373175189186804
000069,1.7626586604642935
000070,1.7109443298978508
000071,1.8926614781576825
000072,2.158692840130972
000073,1.7021100377079623
000074,1.7978912682202015
000075,1.6540555721273844
000076,1.6811258523909705
000077,1.7117209328578142
000078,1.4395962736068204
000079,1.405185719231867
000080,2.213645425398908
000081,1.6734300833514164
000082,1.512831065812254
000083,2.011821130737097
000084,1.3343771502433248
000085,1.267018236955903
000086,1.4827380171476598
000087,2.062487191264165
000088,1.0360819659491227
000089,0.3639889067172932
000090,1.7655819466409783
000091,0.6891858954146376
000092,2.011821115787905
000093,1.625222891538427
000094,1.4423213529306584
000095,1.5408119462190566
000096,1.617534175722751
000097,2.3654249654744053
000098,1.8626739164972064
000099,1.7418687047705212
000100,0.4007786714434302
000101,1.5769399704077935
000102,1.95272569
000103,1.6456150263813087
000104,1.215204442186666
000105,1.5637223204304194
000106,1.4159914768443518
000107,0.7492280029377755
000108,1.4335711620970215
000109,1.4972298204819972
000110,1.5103713205273206
000111,2.2476703938088107
000112,1.9354198851851905
000113,1.4057633605879396
000114,1.0024387246965831
000115,1.6588610186353123
000116,1.646143919
000117,1.561591187
000118,1.662705372980565
000119,1.6071598270141134
000120,1.719872869021532
000121,1.2738326990555906
000122,1.4839454471574218
000123,1.898596235319031
000124,1.5117152902177202
000125,1.133554328650061
000126,2.1193554546558024
000127,1.5637223212211535
000128,2.3402367605338634
000129,1.0460267030953814
000130,0.8455156924804074
000131,1.3973209368325856
000132,1.464316398003822
000133,0.7060412969505585
000134,1.0687449507667337
000135,2.252605614855997
000136,2.1193554497930065
000137,1.777075007344909
000138,1.3471492762950088
000139,1.7117209335793813
000140,0.3668016105890801
000141,1.2464010712036535
000142,1.3306115866676926
000143,0.7065707860208662
000144,1.435747156713696
000145,1.5905054334739044
000146,2.3654249727090977
000147,1.7023453291705242
000148,2.2012924537187954
000149,1.7203707315604342
000150,1.703459292010764
000151,2.165470048358364
000152,1.291049790371058
000153,1.232460701850801
000154,1.6800049803897288
000155,1.786955436244349
000156,1.1985044082258351
000157,1.629067247732604
000158,2.036040554751067
000159,1.5306848721208763
000160,1.8615669404828088
000161,0.3645831849646086
000162,1.612399121296221
000163,1.704037581628748
000164,1.4098244660590171
000165,2.3731751987781884
000166,1.709034400094294
000167,0.7786304349338501
000168,1.6886547882867118
000169,1.4503594550424812
000170,0.9757551212335328
000171,1.6252228911273034
000172,2.079635551701732
000173,1.5541082898635563
000174,1.374064964870399
000175,0.7942170107464968
000176,2.1125740102658326
000177,1.6675108204615172
000178,1.5889297100891902
000179,1.583031637782088
000180,0.5369508418229216
000181,1.3148127586170888
000182,2.2158150408660933
000183,2.053161981265269
000184,1.6627053743824896
000185,2.107109979670864
000186,0.9398236318694028
000187,1.7017718427485369
000188,0.6521508783787445
000189,1.6540555721273844
000190,1.648410828121148
000191,1.6540555714300582
000192,2.091888900217846
000193,0.9066146609933984
000194,1.224449938081517
000195,1.4486397909405564
000196,1.0429026227584497
000197,0.9823272566771302
000198,1.628283888982342
000199,1.913980374474294
000200,1.716687552402116
000201,1.6782414719034089
000202,2.478771955310766
000203,2.1651418311584787
000204,0.5685549761928261
000205,1.949349542777545
000206,1.4455429350490647
000207,2.118029574215823
000208,1.6627053764853763
000209,2.1248067815598377
000210,1.512629482852005
000211,1.823251245803496
000212,1.6144117845616337
000213,1.439596274819667
000214,1.6540555697564754
000215,2.1586928469748714
000216,0.9798988857114944
000217,1.9304438099434515
000218,1.0184172891492642
000219,1.771169642853696
000220,1.6660690967951104
000221,1.6377170524969522
000222,1.638733684583747
000223,1.6848104315684491
000224,2.094508011506772
000225,1.605617467561702
000226,1.5000338842132035
000227,1.5444886340046202
000228,2.1732154300182582
000229,1.6127287290734995
000230,1.743436876057845
000231,1.388176080312114
000232,1.548335371051267
000233,2.239483869687643
000234,1.7807745876986325
000235,1.671355180703903
000236,1.6282495822670835
000237,1.4395962756686596
000238,2.1600441100900456
000239,2.165470046227743
000240,1.6627053762049917
000241,2.145138417529932
000242,0.8517363289316732
000243,1.070036738
000244,1.7228829827917007
000245,0.9560021287725072
000246,2.0937629238615547
000247,1.4506711912568269
000248,1.5212810762366706
000249,1.9304438122641363
000250,1.7482423222386032
000251,2.165470046227743
000252,1.4261243683371063
000253,0.7544978664828051
000254,1.3667786767556662
000255,1.3363570225164507
000256,1.7855770595186369
000257,1.6252228900309742
000258,1.579836305491019
000259,1.5791092669153854
000260,1.5109429124236826
000261,1.7407896107930851
000262,1.3681539161223135
000263,1.563037218629988
000264,1.268250488
000265,1.5722403259874889
000266,1.7755692930776092
000267,1.281000186445455
000268,1.6713551799993047
000269,2.094508000757368
000270,1.7117209275182188
000271,1.772717946372088
000272,0.868969504
000273,1.7338259889488186
000274,1.3648752400185742
000275,1.646366855046017
000276,2.2158150415927724
000277,1.5264188784640818
000278,1.6886547887138343
000279,1.5189194378377076
000280,1.5983429470591888
000281,1.6127287290734995
000282,1.3350181470751985
000283,1.7626586606128896
000284,2.1681810497665226
000285,1.9876016942008456
000286,1.6934602342156893
000287,1.592443528677955
000288,2.365424978651881
000289,0.8383135915136366
000290,1.426756772350506
000291,1.5598755844300043
000292,2.0347666947627947
000293,1.6520385873040473
000294,1.7203707351864497
000295,1.7648465910220068
000296,1.3549157139727743
000297,1.433179333511417
000298,0.4157273845525782
000299,2.067041461468488
000300,0.3987803161776008
000301,0.8746786669424745
000302,1.6713551801402244
000303,1.3733972819645102
000304,1.571648254140702
000305,2.138361212779661
000306,1.711720931991934
000307,1.290224662
000308,2.091888902733664
000309,1.6528312196469754
000310,1.693514254404696
000311,1.6159342702712998
000312,2.356705978
000313,2.1478240264412167
000314,1.3129820055729224
000315,1.7203707328657998
000316,0.6681235317170027
000317,1.706915486791715
000318,1.6587330087016925
000319,1.2458946011970964
000320,0.3783231553588319
000321,2.085111690541003
000322,1.116421450749561
000323,1.6588610187751816
000324,1.7203707321405968
000325,2.1586928375350105
000326,2.0945080110493506
000327,1.4261243678564923
000328,1.612728729889444
000329,2.124806781327537
000330,1.6292719620239686
000331,2.340236760278227
000332,2.145138416357341
000333,2.3654249794270266
000334,1.6627053732609498
000335,1.639731168400561
000336,1.6021896843713528
000337,0.997919542
000338,2.173215442372439
000339,1.4711968750427873
000340,1.667510821867482
000341,0.7495226153926733
000342,0.9205514509570208
000343,2.1600441077300805
000344,1.3435944906207278
000345,1.6934602306462356
000346,2.151915624594341
000347,1.2954417097060529
000348,1.2871382660512172
000349,1.4617286876650195
000350,1.7203707344612469
000351,1.3554423991451388
000352,1.2874364197837278
000353,2.201292451553013
000354,0.8624064596014387
000355,0.7454947915353527
000356,1.5133605225901088
000357,0.7066008180283834
000358,1.5176376309326225
000359,1.4840811246663774
000360,1.3885286444456924
000361,1.785577059368021
000362,1.7092318585524182
000363,1.3681706171749286
000364,1.3858518419303447
000365,1.646366857267118
000366,1.407538004642407
000367,2.065748233312753
000368,2.041853242413665
000369,2.1451384179989685
000370,1.7332028402957942
000371,2.3731751827061385
000372,1.6307741669446465
000373,1.8785405091134169
000374,1.6630560008156916
000375,1.2021785452716018
000376,1.8785405099336496
000377,2.3567059799116628
000378,2.365424965732787
000379,1.8989749936784068
000380,0.8290996277480714
000381,2.011821121283932
000382,1.3462269353881875
000383,0.8232055842511825
000384,2.100324254737876
000385,1.470633452
000386,1.6713551792947063
000387,1.3584907204074617
000388,1.924631136992888
000389,2.247670391600263
000390,1.8668099297653489
000391,1.7069154833378897
000392,1.416452692894868
000393,1.6886547889985826
000394,1.7021100400040483
000395,2.078334478584444
000396,1.961512623030214
000397,1.6675108211644996
000398,2.1739966899085625
000399,1.7685610492384003
000400,1.6934602333590203
000401,1.890281545246564
000402,1.7280815112350505
000403,1.7648465855239577
000404,1.0892988166144817
000405,2.1799926484611847
000406,0.4313076427590503
000407,2.023446460862253
000408,0.5027761670848336
000409,2.034518961275148
000410,1.6918114084571274
000411,1.812563725062173
000412,1.5503164369406883
000413,0.9950592085018006
000414,2.182721788178776
000415,1.6540555717089886
000416,1.007389118955867
000417,1.6633408308975162
000418,1.0315227351757048
000419,1.451444614526519
000420,1.5346946422363266
000421,1.6848104312843477
000422,1.6021896900422388
000423,1.110010759744904
000424,1.6425804203835292
000425,1.442483111764469
000426,2.095817541993055
000427,1.785577060121101
000428,1.7578532141458478
000429,1.7251761845848472
000430,2.72797859
000431,2.168181055448178
000432,2.111252363387296
000433,1.6541576181225557
000434,2.0486346710706385
000435,1.9934143421759023
000436,1.729981631226665
000437,1.6982656827170974
000438,1.7117209273739054
000439,1.6290672474578751
000440,1.4328603202527397
000441,1.708925791908246
000442,1.646366854907198
000443,2.005039673754628
000444,1.4644484291001845
000445,0.3819823625336833
000446,1.1277542133898588
000447,1.290580047804464
000448,1.6502112148363932
000449,1.422042429856183
000450,2.2786906228870327
000451,2.111252361309893
000452,2.017633784
000453,1.6627053731207573
000454,2.124806781327537
000455,1.9917090852902384
000456,1.519484846
000457,1.6040571188865036
000458,1.439596274091959
000459,1.5752625321217566
000460,1.6463668556012925
000461,1.676160626361384
000462,2.202670326341793
000463,1.059018880141889
000464,1.6695809673917232
000465,2.340236758744408
000466,1.4805571064996184
000467,1.7166552583195458
000468,1.6540555697564754
000469,0.7353102960379198
000470,2.085111689401145
000471,1.6338726956191856
000472,2.078334480402304
000473,1.134593300466537
000474,0.7251120380286015
000475,1.6848104317105004
000476,0.9263579417540632
000477,1.650211213723257
000478,1.585980028805868
000479,1.649432812
000480,2.153262673
000481,1.7759721151263566
000482,1.5173526061457707
000483,1.7299816272887516
000484,1.4530065268737966
000485,2.120681326064876
000486,1.6886547877172151
000487,1.6098831640211968
000488,1.6801873938142602
000489,1.684810426880769
000490,2.145138420344151
000491,2.145138414
000492,0.4218041960324674
000493,1.333159487630573
000494,2.208069662385975
000495,1.242125551188268
000496,0.9378169101806086
000497,2.056224738238338
000498,1.537756846993503
000499,1.4111663185178225
000500,1.6540555691986143
000501,0.718970895
000502,2.100324295790501
000503,1.6415614090953037
000504,1.886715870881841
000505,0.4781612514128099
000506,1.7530477755099487
000507,2.2094517560723137
000508,2.1180295776892484
000509,1.4888671536759437
000510,1.1314177068007112
000511,1.1233591248239043
000512,1.676160626785355
000513,1.2060744924402238
000514,1.7203707334459624
000515,1.4629131025265745
000516,2.036040562315416
000517,2.104475155089686
000518,2.055732715868545
000519,1.2507025608660038
000520,1.6810916500798592
000521,2.112574008650075
000522,1.3592272287183342
000523,1.618538312547994
000524,0.631641372
000525,1.6955624935499192
000526,2.389118026
000527,1.5377568471231104
000528,1.797877025752226
000529,1.6962154004593022
000530,1.4328603200113017
000531,1.670110546300493
000532,1.706915485352621
000533,1.8745672252977423
000534,0.8982172677045049
000535,1.7303420780267946
000536,1.6173070753080778
000537,2.107109978520447
000538,1.6425804196914553
000539,1.9508165626768903
000540,1.5233315836620924
000541,1.2891169356408902
000542,1.6848104290115329
000543,1.6848104292956347
000544,2.151915630475776
000545,1.2297403497426984
000546,1.2546660560401477
000547,1.6583706789968042
000548,0.7687946199225949
000549,2.068334688269065
000550,1.6284667513350397
000551,1.505059581375236
000552,1.5769043932568676
000553,0.9990008591857736
000554,1.849626281826704
000555,1.7189654162030674
000556,2.1315839928433573
000557,1.7251761822577332
000558,0.7893283979289383
000559,1.966809304
000560,1.7251761847302918
000561,1.658861015698058
000562,2.111252363156473
000563,2.0938831279724024
000564,1.6213785341079707
000565,1.543745432200614
000566,1.5820485090525012
000567,1.972468791821788
000568,1.9750273188621024
000569,1.6675108207427105
000570,1.369006124500532
000571,1.8340968206525168
000572,1.667510822148675
000573,1.7138457984299424
000574,1.7434368776746234
000575,1.9304438012936245
000576,1.6060364261518183
000577,2.1732154300182582
000578,1.578043318133406
000579,1.6540555691986143
000580,1.485654495509917
000581,1.738631430313582
000582,1.553728998
000583,1.3438080347557029
000584,1.6068660679688858
000585,0.9163215534221618
000586,1.1766611072657012
000587,1.5044781353820815
000588,1.6761606270680025
000589,1.5395407342096403
000590,1.454448160018162
000591,2.365424969350133
000592,1.086516436268642
000593,1.6979093074848224
000594,1.671355176758152
000595,2.0292591118413816
000596,1.967388072940833
000597,0.502776167
000598,1.0238657570262837
000599,1.684810426880769
000600,0.9458273301355296
000601,2.3654249649576413
000602,2.080936641634221
000603,0.9823108667781548
000604,1.1722666201238758
000605,2.062518378616818
000606,2.078334482674628
000607,2.2680963814520725
000608,0.4279752673541987
000609,1.7855770595186369
000610,1.7257102388789456
000611,1.494177379553679
000612,1.3278329249352208
000613,1.2111571792114766
000614,1.6496633516976629
000615,1.3482051081318596
000616,0.7715089961977726
000617,0.9572592855760168
000618,1.6520474996958467
000619,2.059939193433327
000620,2.053161982612191
000621,1.3594872165134972
000622,2.0725254430075464
000623,1.350789436021654
000624,1.8820049239738168
000625,1.6127287292094905
000626,1.4748898501237528
000627,0.9672700143563576
000628,1.4908253589766705
000629,1.9754806874891968
000630,1.628086097846975
000631,2.373175198000508
000632,1.7692591899329224
000633,1.7021100392865216
000634,1.641561409648963
000635,2.1799926408349592
000636,1.5711654812950957
000637,1.285687182077884
000638,2.3963309806879183
000639,1.4770304108485854
000640,0.9847553925213548
000641,1.4328603204941777
000642,1.435747159132925
000643,1.629067247320511
000644,1.688654787432467
000645,1.7069154839135272
000646,1.4762029136077204
000647,1.759978897
000648,0.8124812310208341
000649,1.7117209328578142
000650,1.7866858968398738
000651,0.9409774670680248
000652,1.416720593204556
000653,1.5843553513302675
000654,1.3448895118722322
000655,2.252605613871041
000656,1.5444360690402024
000657,1.2565566458402808
000658,1.771169642853696
000659,1.214453469022522
000660,1.6252228908532211
000661,2.208069659248013
000662,1.4357471578023489
000663,1.3649450112327133
000664,1.9900889863315665
000665,1.2225618618932947
000666,1.276221653361598
000667,1.085385316997849
000668,1.227120693215326
000669,1.6982656815716402
000670,1.738631435736889
000671,2.112574003802801
000672,1.6886547889985826
000673,0.9215595291134224
000674,2.381894198302528
000675,1.5464052955425502
000676,1.6540555721273844
000677,2.138361202960939
000678,0.8877914966314587
000679,1.6984056320321967
000680,1.7534849895992672
000681,1.785577059368021
000682,1.544488636738252
000683,1.470286150521652
000684,2.0118211215037727
000685,1.5761714997785166
000686,2.041853237
000687,1.4395962739706742
000688,1.853786190585736
000689,2.619839303
000690,1.7434368753229454
000691,1.6415614100642073
000692,2.023446449806845
000693,1.120299808982892
000694,1.344883606125275
000695,1.1434379184650116
000696,1.7626586674483022
000697,1.052838149435934
000698,1.5387110103883426
000699,1.0230330571094122
000700,1.6945113638828042
000701,1.738631433
000702,1.6428662442511668
000703,2.348955758498831
000704,1.6593645839419646
000705,1.3060543896304735
000706,1.5502309150048508
000707,1.2483068417120062
000708,1.601195657463054
000709,1.0663300048200497
000710,0.4237434007530168
000711,1.624563174008689
000712,1.1479221161446431
000713,1.5290577232349445
000714,1.2122773829643927
000715,1.6886547867205963
000716,1.6047206583906766
000717,1.6982656827170974
000718,1.427269783
000719,1.6982656789943615
000720,1.8975053640891624
000721,2.365424977359972
000722,1.3918157730254206
000723,1.5939222227889538
000724,1.2715809181721711
000725,2.370206636515193
000726,1.6550823123944334
000727,1.725176177603505
000728,1.7434368744410662
000729,1.506785825066388
000730,2.036040554751067
000731,2.124806781327537
000732,1.7578532156277669
000733,1.676160624948147
000734,1.4889963606372116
000735,1.7434368744410662
000736,1.7251761841485134
000737,1.1413325994485757
000738,2.0003890828791686
000739,1.7578532145904235
000740,1.590649479813509
000741,1.1368480794823748
000742,0.8407558341890975
000743,1.2179702267629031
000744,1.6540555691986143
000745,1.667510819477342
000746,1.4675089613041572
000747,2.061228788615174
000748,0.901721738
000749,1.3654350361622594
000750,1.6934602325023516
000751,0.8678342958827827
000752,2.118029577226125
000753,2.138361202960939
000754,0.8466045426794997
000755,1.972449557924192
000756,2.275841770715596
000757,2.2158150408660933
000758,1.7386314345642822
000759,1.4457243938466635
000760,2.036040559423165
000761,1.260446883127697
000762,1.855847929067984
000763,2.151915624594341
000764,2.1732154300182582
000765,2.681051688705504
000766,1.3180580597810152
000767,1.0596267965819208
000768,2.1451384238619244
000769,2.230337643031429
000770,1.6713551778855094
000771,1.6848104297217874
000772,2.381894182431735
000773,0.742126664
000774,1.445369948342508
000775,1.0333095468074711
000776,0.8255788068263458
000777,1.5262166345533683
000778,1.669065321369367
000779,1.622385054232466
000780,1.6456374520335693
000781,1.5262166363542962
000782,2.222592263345141
000783,2.003893744648025
000784,1.2829179047507535
000785,2.703291856807718
000786,1.322055677065884
000787,2.017633781139064
000788,2.053161983285652
000789,2.2225922667466587
000790,2.682731239408853
000791,2.165470052619606
000792,1.693460235
000793,1.7021100392865216
000794,1.4471937981460874
000795,1.606036427369917
000796,1.4709912069931357
000797,1.1419033684298656
000798,1.241174267
000799,2.0599391941090057
000800,1.895030284705516
000801,1.684810426880769
000802,1.4950002413857673
000803,1.5521821074444635
000804,2.0279894839460937
000805,1.579109268
000806,2.0918889034197963
000807,0.9107240587536513
000808,1.1454646091595873
000809,1.540970144874712
000810,1.6848104308581948
000811,1.930443805513052
000812,1.4357471578023489
000813,1.318058061888912
000814,2.131583995173757
000815,1.508088907451692
000816,2.193547074458252
000817,1.4877492652438316
000818,1.549528564
000819,1.975976348497701
000820,1.7021100344073392
000821,1.2217914393166025
000822,1.4357471592538864
000823,2.017633781139064
000824,1.6761606260787367
000825,1.629067247320511
000826,2.031798413089008
000827,1.7203707330108404
000828,1.2788466761018489
000829,1.700348506172489
000830,1.3785586824975515
000831,2.209451774
000832,1.5598755840356069
000833,1.9420691315739989
000834,1.4667997998461189
000835,1.7397105237047148
000836,1.4391799544046242
000837,0.4284307144699939
000838,1.005841583759084
000839,1.661543465190881
000840,1.4664867679660325
000841,0.9978868412578688
000842,2.1813572090255184
000843,1.154217329942547
000844,1.8271261980616973
000845,1.703166520745922
000846,2.091888900217846
000847,2.104475151408351
000848,0.7893778639092218
000849,1.6379297013691974
000850,2.145138414
000851,2.086416996229392
000852,1.715565291154151
000853,1.9239543888487312
000854,1.869934983343076
000855,1.269632030170025
000856,2.1732154395214742
000857,0.6124828241710929
000858,1.6761606233935864
000859,1.7097335403217466
000860,1.6088843724589876
000861,2.365424973742625
000862,1.1767379243114378
000863,2.087722335201634
000864,0.8219132017350502
000865,2.0848048946685136
000866,2.1217094061508126
000867,1.4395962742132435
000868,1.1373160174553567
000869,1.6886547888562085
000870,0.8036008812943713
000871,1.592469245421252
000872,1.876745608330916
000873,1.587787245735621
000874,1.8618562612523544
000875,1.3805457168533586
000876,1.6468416978192364
000877,1.2128248753444706
000878,1.723574129840809
000879,2.208069659972158
000880,1.601195657463054
000881,0.9671909382181464
000882,1.6615749389617949
000883,1.2151135701666689
000884,1.5764501145834808
000885,0.9951203312729696
000886,1.6532843021047274
000887,0.5027603368269153
000888,1.6559557075238616
000889,2.0406370858839846
000890,1.986822982407353
000891,1.909994074790266
000892,1.3333882161228636
000893,1.610881942966327
000894,1.523907355672096
000895,1.6502112146972512
000896,2.1044751500278505
000897,1.688654784157862
000898,1.4357471584071562
000899,1.9866902599834584
000900,1.7203707344612469
000901,1.5655718111439254
000902,2.208069663834265
000903,1.8493425171613764
000904,2.078334478584444
000905,1.417536935169111
000906,2.001682240970808
000907,1.4845964140720052
000908,1.0978201122969924
000909,1.6062761745892271
000910,1.4328603220635252
000911,0.7446671647452949
000912,2.036040554751067
000913,1.3171463874825975
000914,1.0494967236890118
000915,1.813414323182643
000916,1.3790876364668545
000917,1.7266110019503065
000918,0.8831154855330345
000919,2.381894197521997
000920,1.8206233468710813
000921,2.139699783670905
000922,1.1962677663475578
000923,1.2356324903318854
000924,1.314376704510288
000925,1.799770826858331
000926,1.688654784157862
000927,1.738631430313582
000928,2.268096395
000929,2.0347666947627947
000930,1.692127837
000931,2.381894199343235
000932,1.4357471579233103
000933,1.2801720198263955
000934,2.2448602300805263
000935,0.8421668876473336
000936,0.8475626257150037
000937,2.0292591118413816
000938,2.3567059675549475
000939,2.1044751488774334
000940,1.650211214279825
000941,1.1104113822011552
000942,1.7877947276846229
000943,1.6719131230241375
000944,1.5233315836620924
000945,1.7626586652193632
000946,0.9881459877497674
000947,1.7138458036252249
000948,2.1855527509712305
000949,2.091888900217846
000950,1.6627053762049917
000951,1.756311813877472
000952,1.7869217437701754
000953,1.738631435443737
000954,1.6585337312001962
000955,1.722506307207519
000956,2.038662345746934
000957,1.401339322445742
000958,0.4279752673185648
000959,1.454191373122253
000960,2.2012924486653023
000961,1.421429381205825
000962,2.1935470629479568
000963,1.1694711407341574
000964,2.1193554541926787
000965,1.8452257709221729
000966,1.1106149181046412
000967,2.3818941834724425
000968,1.6425804173384035
000969,1.5166363843151975
000970,1.5521821080985605
000971,1.6540555691986143
000972,1.6290672486941546
000973,2.124806783882846
000974,0.8976895038794324
000975,1.3851757113000522
000976,1.4079603787819988
000977,2.1604429035294603
000978,1.637717051254128
000979,2.321828214727034
000980,1.3642301197926652
000981,0.487659345
000982,2.174575773417259
000983,0.8982770174270367
000984,1.0339706163160065
000985,2.0725254430075464
000986,1.503106696765656
000987,1.9362564662228403
000988,2.0242810355205254
000989,1.1561123273410667
000990,1.213289533918643
000991,1.2438579461139856
000992,1.6338726957569538
000993,1.684810427164871
000994,0.9317148059132516
000995,2.3818941795697888
000996,1.6800049810979634
000997,1.0019747093316236
000998,2.091888900217846
000999,1.144332444541948
001000,0.4068942209795315
001001,2.0760462929053576
001002,1.4357471581652332
001003,1.557897748
001004,1.6470253879404435
001005,2.097697941500897
001006,1.0990315485602615
001007,1.6886547875748412
001008,1.616168137345178
001009,1.4357471578023489
001010,1.711720932424874
001011,1.629067247732604
001012,1.767464113038313
001013,2.356705978881936
001014,1.049587185054608
001015,0.6157963142150051
001016,2.005039680765889
001017,0.8323224346001703
001018,1.6262317874430108
001019,1.3370481010384332
001020,2.1112523654646984
001021,2.365424976326444
001022,1.4162452437958786
001023,1.146541383498598
001024,1.194849626160571
001025,1.7192738493659991
001026,1.6248655078535814
001027,1.5290577232349445
001028,1.5940532603967128
001029,1.3726886530132243
001030,1.6127287290734995
001031,1.968217443702235
001032,1.9116116252248327
001033,1.6980306703570998
001034,1.6858562085706112
001035,1.2679740650826166
001036,1.862335257462109
001037,1.785577059368021
001038,2.1342526714764656
001039,0.4340090651297079
001040,1.4535740612457475
001041,1.2010389693331074
001042,1.5256544969449413
001043,1.4929378685346917
001044,1.6953022597897591
001045,1.873491592
001046,0.920058649
001047,1.5204277142314415
001048,1.7069154843452554
001049,1.7434368788504624
001050,1.468304683924529
001051,1.3984908653454753
001052,2.1867698616921243
001053,0.8727611987385557
001054,2.0473529434223825
001055,2.067041456047854
001056,1.6848104295797366
001057,1.9522226142030912
001058,1.3843297305723046
001059,0.7146484958447292
001060,0.8655327630909659
001061,1.5944962102864626
001062,2.423004084539145
001063,2.1261368964993324
001064,2.239483863081958
001065,0.2515522442802245
001066,1.079941275217973
001067,1.1859636283376862
001068,1.7855770595186369
001069,1.5998774743647066
001070,1.654055570732732
001071,1.7456010040397876
001072,2.045590361227784
001073,1.725176182694067
001074,1.828003749563963
001075,1.0352919585270486
001076,0.4686845727036022
001077,1.3649174782421043
001078,2.111252359694135
001079,2.037314450336275
001080,1.266062954241598
001081,1.333610168908419
001082,0.795499492
001083,1.676160623110939
001084,0.959264282
001085,1.849143142283764
001086,2.058303419268118
001087,1.5435097597559833
001088,2.0864170078559434
001089,1.4445895533389093
001090,1.6885167334663005
001091,1.6713551766172323
001092,1.935404315288526
001093,1.4895550705000875
001094,1.0768646006707296
001095,0.8103641354267381
001096,0.9458685529057412
001097,1.6502112131666888
001098,1.1326502637317917
001099,1.3015628688214005
001100,1.344534822020636
001101,0.4696730260980579
001102,1.018718110966594
001103,1.7445189455605616
001104,2.094508008990954
001105,1.4521059040166733
001106,1.7299816281638434
001107,1.1336111476612822
001108,1.764846584
001109,1.7299816315183625
001110,1.601195657598075
001111,2.365424978910263
001112,1.844693332096907
001113,2.078334481992931
001114,1.7770750091426046
001115,1.6338726949303437
001116,2.0062942058748803
001117,2.209451773
001118,1.047323734149469
001119,1.4152917524502897
001120,0.4242050221690694
001121,2.139699782969568
001122,1.391956803804786
001123,0.7257905238772323
001124,2.244860244313387
001125,1.5462034709098602
001126,1.6800049847807828
001127,1.579109268778531
001128,1.6415614097873776
001129,2.3731751974820554
001130,1.7299816299140272
001131,1.691270905262529
001132,1.466338647816043
001133,1.7558518573604116
001134,1.3245148631715715
001135,2.1329183425301905
001136,1.646366857405937
001137,0.2540570295218451
001138,1.4395962753048055
001139,1.684810426880769
001140,1.3773442947402066
001141,0.6810194455625551
001142,1.610461434835451
001143,0.7313912849329346
001144,1.6060364230388993
001145,1.753047774918797
001146,1.4328603219428062
001147,1.6540555691986143
001148,1.771169642853696
001149,1.7386314341245546
001150,1.6675108232734468
001151,1.6713551768990715
001152,1.4558951525743242
001153,1.9493495359690187
001154,1.6588610159777966
001155,1.5415978491035287
001156,1.6588610170967506
001157,2.1881386505644174
001158,1.229012852
001159,0.9492135853369316
001160,2.020158576
001161,1.555071385128503
001162,2.0189045665388003
001163,2.2012924462588765
001164,1.3410275794624025
001165,1.6475817532805106
001166,1.9914543875143496
001167,1.6886547881443377
001168,1.748242329165646
001169,1.5353390318780236
001170,2.073822904686077
001171,2.0226028585439386
001172,1.323317427406195
001173,1.4299734847522028
001174,1.8073944275309604
001175,1.6415614100642073
001176,2.145138420813187
001177,1.6886547882867118
001178,1.2504493357847206
001179,2.1732154312061605
001180,2.365424977359972
001181,1.197969822830173
001182,2.3654249755512984
001183,2.020158576
001184,2.047352943646236
001185,1.1167359719048378
001186,1.810549916259785
001187,1.6050400147578427
001188,1.4464123172135332
001189,1.8105499147326165
001190,1.5434818934622745
001191,2.1478240306625453
001192,1.6848104290115329
001193,2.086416997
001194,2.065748231054155
001195,1.1943375904600757
001196,1.6713551787310277
001197,2.0118211184259978
001198,1.1216891937897704
001199,1.7021100369904358
001200,1.7469500822286663
001201,0.266243707
001202,1.6934602347868015
001203,2.381894193098989
001204,1.7021100395735325
001205,1.0263416844545004
001206,1.4355357892262688
001207,2.0279894839460937
001208,1.4601666784501133
001209,1.842246231443176
001210,2.068334690753522
001211,1.688654789140957
001212,1.676160623110939
001213,2.147824022923443
001214,1.1197015547472675
001215,1.3372998067770865
001216,2.3818941881556275
001217,2.151915624594341
001218,1.566221237961692
001219,1.6982656825739153
001220,1.9269394162527365
001221,1.1826093752179945
001222,1.7299816297681785
001223,2.269515984536912
001224,1.6695809595183206
001225,1.569514275544558
001226,1.1482355500293562
001227,2.047352944093943
001228,1.312867530186279
001229,2.230337648639065
001230,1.6886547843002362
001231,1.4770304094815674
001232,2.365424969091752
001233,1.7021100364164143
001234,1.3017386805021651
001235,2.085111690313031
001236,1.1039395700550545
001237,1.693460235
001238,1.6463668547683794
001239,0.4564713514565406
001240,2.079635552610662
001241,1.7014279997320854
001242,1.1794769372305105
001243,0.5027761669760746
001244,2.0612287888404004
001245,1.6934602313601264
001246,1.4362091997632664
001247,2.085111689401145
001248,0.7044779094059598
001249,1.7069154820427053
001250,1.658861019
001251,2.0143386551137223
001252,2.373175184261498
001253,1.6415614104794518
001254,1.696988381976466
001255,1.3220556759524245
001256,0.8865356006839243
001257,1.6588610180758354
001258,1.1778867654722684
001259,1.6761606274919736
001260,2.065748229924856
001261,1.5380048307963397
001262,0.5986329119754428
001263,1.851004041679449
001264,2.053161982612191
001265,1.6213785328775092
001266,1.5506444196267837
001267,1.7203707347513275
001268,2.244860238423928
001269,1.0690550861385355
001270,1.7338259889488186
001271,0.6573098158253425
001272,1.6127287296174626
001273,1.7338259820787416
001274,1.693460235
001275,1.8105499148853328
001276,1.7338259858792096
001277,2.208069661420448
001278,2.138361202960939
001279,2.016261170692084
001280,1.6377170509779446
001281,1.688654788429086
001282,1.7688427590187408
001283,1.642800214864208
001284,1.025533291410104
001285,1.6088843724589876
001286,2.112573997570592
001287,0.9749476118678152
001288,2.078334482447396
001289,1.7655759082628115
001290,1.6175341759955406
001291,1.601358576662964
001292,1.6425804178920629
001293,1.8851934488960904
001294,1.6213785328775092
001295,0.8373515136095218
001296,1.1462374783522344
001297,0.9971484389665236
001298,1.2861196580729362
001299,2.218588928088073
001300,1.9579371085492216
001301,1.824390907292534
001302,1.6921923709855486
001303,0.4279114240765667
001304,1.8318054115781213
001305,1.219544653855633
001306,1.6619501656569315
001307,1.6848104307161438
001308,1.3873435670676326
001309,1.379193242136219
001310,1.6758622214996068
001311,1.1182397601879863
001312,2.252605618795819
001313,1.9139745834226127
001314,1.8681795820059943
001315,1.6429457165603822
001316,1.2226746550175998
001317,2.0292591118413816
001318,1.707534573713706
001319,1.970163680771267
001320,2.034766694985276
001321,1.0281622937496315
001322,1.7434368763518049
001323,0.8068853434154355
001324,1.7626586647735754
001325,1.956391328988299
001326,2.1651418311584787
001327,2.158692835411041
001328,1.6728518168290427
001329,1.7782113441224916
001330,2.3876228709307963
001331,1.521370579034215
001332,1.315238385664279
001333,1.7262469397663889
001334,1.676160626785355
001335,1.6761606269266789
001336,1.6934602353579145
001337,1.7482423222386032
001338,1.6822149700847553
001339,1.662705374803067
001340,1.3282782064661007
001341,1.0967496595207722
001342,2.145138424330961
001343,0.8480372182728814
001344,1.7770042257578105
001345,2.2448602435772043
001346,1.5768197836209177
001347,1.2492003410379389
001348,1.748242327691807
001349,1.7338259813478822
001350,1.2918472394627316
001351,1.0148594770111978
001352,1.6285406380871752
001353,1.715565287104326
001354,1.5354372033384105
001355,1.3831878985130592
001356,1.612728729889444
001357,1.6181760237641116
001358,0.8295225942751496
001359,2.209451773210413
001360,2.055732720807261
001361,2.131583995173757
001362,1.7171513020807274
001363,2.294200737548841
001364,2.160044108910064
001365,1.5829560059676329
001366,1.6550823121155027
001367,0.8582491322824766
001368,0.5418703028291569
001369,1.5020469184367309
001370,0.4776243034886726
001371,1.571772729
001372,2.356705980941389
001373,1.7943872455881895
001374,1.594244395794412
001375,1.618607076600076
001376,1.6021896899072177
001377,1.2833731856086168
001378,1.3689521403147604
001379,2.3818941881556275
001380,2.2554254435071543
001381,0.7740046942592647
001382,1.586802740216006
001383,1.5283274366588917
001384,1.607032821981199
001385,2.0638079787536414
001386,1.5262166323665276
001387,1.2342890086635006
001388,1.3727414678494618
001389,1.823019882078214
001390,1.5116849432957569
001391,2.165470055697169
001392,2.215815057095263
001393,2.6933744891000924
001394,1.3520206625404678
001395,1.6540555722668495
001396,1.713845795255048
001397,1.5115765196622069
001398,2.1935470648663395
001399,1.7117209273739054
001400,0.7068567663641565
001401,1.4800840269305915
001402,1.4328603204941777
001403,2.011821115787905
001404,1.7299816299140272
001405,1.3523781061457278
001406,1.0364626819669591
001407,1.5127213320256818
001408,1.022048036323865
001409,1.4897005599612425
001410,2.381894198302528
001411,1.2579534224755662
001412,1.2404596883070436
001413,1.4827188965761304
001414,1.658861015698058
001415,2.1799926434564743
001416,1.6463668562953864
001417,1.646366855740111
001418,1.6031266815337606
001419,1.0147334526796885
001420,1.5598755842985386
001421,1.646366855046017
001422,1.1602610448174504
001423,2.373175199037415
001424,1.9992270110225552
001425,1.370729409815375
001426,1.7345748955515226
001427,2.11172505
001428,1.6934602315029046
001429,1.0212465034216391
001430,1.5550713817271995
001431,1.6050400147578427
001432,1.4983277924000509
001433,1.4753494464391776
001434,1.8316807935228616
001435,1.662705374242297
001436,1.3756414672265147
001437,1.1311067349915194
001438,1.026189426352482
001439,1.2299938694667054
001440,1.7069154817548866
001441,1.5281106986055306
001442,1.375479610394301
001443,2.072525444593739
001444,1.5965521140219223
001445,1.6294731455470302
001446,1.810616833209288
001447,1.5279609872492086
001448,2.365424963148968
001449,1.503037302033159
001450,2.201292454681366
001451,1.0270449632577043
001452,1.8366523173082936
001453,0.937261762
001454,1.706915484201346
001455,1.231846577580319
001456,2.238083019263825
001457,2.173215436670509
001458,1.7299816261219625
001459,1.402830009
001460,1.8030477412273749
001461,1.638733680164816
001462,1.482057641931387
001463,1.748242329165646
001464,1.662705372980565
001465,2.1799926408349592
001466,1.601195657463054
001467,1.7530477731453422
001468,1.1596946549754663
001469,1.3502628396400425
001470,1.6934602356434707
001471,2.025978491706994
001472,1.5117913702173396
001473,1.646366857267118
001474,0.7937475432927985
001475,2.091888900446557
001476,1.435747158649079
001477,2.2172019887160457
001478,1.5758622418968995
001479,1.4180825383866915
001480,1.435747159374848
001481,1.6800049810979634
001482,1.5182151312591472
001483,0.5782100137433954
001484,1.6982656827170974
001485,1.821115356200972
001486,1.4328603197698635
001487,2.059939194
001488,2.178516587344372
001489,1.1505464687408182
001490,1.283960644582965
001491,1.9220481402682432
001492,1.185271531153244
001493,2.381894181911381
001494,1.662705372980565
001495,1.9386796885133963
001496,1.4721076454598636
001497,1.6761606255134418
001498,1.6713551795765456
001499,0.6982032618674132
001500,1.646366856573024
001501,2.0670414555961343
001502,1.1934909155350302
001503,1.7203707372170185
001504,2.1061232417892106
001505,2.138361202960939
001506,1.3063985456878615
001507,1.7069154844891647
001508,2.1383612031947177
001509,0.4694091151086562
001510,1.435747156471773
001511,1.5272016122125087
001512,1.4878697584480414
001513,1.737130017052105
001514,2.097697938060733
001515,1.7031665279211905
001516,2.381894181651204
001517,1.738631432658796
001518,2.1030505685362946
001519,2.179992646792948
001520,1.5194848432812085
001521,1.9803069569242764
001522,2.0050396728782203
001523,2.1867698652780048
001524,1.7251761822577332
001525,1.4783033247906443
001526,0.9603293024684588
001527,2.193547073978656
001528,1.7019081933647593
001529,0.9616904903479628
001530,1.036364266141443
001531,1.993414343700746
001532,2.1383612113769868
001533,1.5414836374212353
001534,1.333673081068994
001535,1.7600351964516774
001536,2.075120361832631
001537,2.018896175844794
001538,1.4783380987607926
001539,1.1400984009467143
001540,1.0884636028772925
001541,1.5826445714305486
001542,1.577937231792304
001543,1.4788265987352336
001544,1.5993345946242483
001545,1.691419894445344
001546,1.777075002251438
001547,0.5221924538802827
001548,1.4112281314466346
001549,2.048634667041275
001550,2.111252361771537
001551,1.7299816281638434
001552,1.725176177603505
001553,1.0454186866151765
001554,1.7155652910095145
001555,1.5293832582020788
001556,2.2158150420772253
001557,2.0418532319272886
001558,1.5310127778813596
001559,2.034766694985276
001560,1.565301686842328
001561,2.118029570510836
001562,1.905700130649071
001563,1.4503644865395158
001564,2.2526056286453744
001565,1.143154371
001566,2.023446446490223
001567,1.2027474171640538
001568,1.647765134724747
001569,1.650211214001541
001570,1.632101073311317
001571,1.7203707344612469
001572,2.3731751938528824
001573,1.4848155075144416
001574,1.4328603220635252
001575,1.670616031296266
001576,1.3504419849975982
001577,0.88522634
001578,1.269747780047605
001579,2.225374595476239
001580,1.414643774369421
001581,1.351266405495339
001582,2.11831561
001583,1.5983429532552915
001584,1.4457461313193796
001585,2.017633784005234
001586,0.8646006893327552
001587,1.3692051376789132
001588,2.072525440741557
001589,1.3322741372424118
001590,1.5608741398312456
001591,2.693374506769738
001592,1.3171773558507849
001593,2.0976979426476183
001594,2.151915630005261
001595,1.3921436511437255
001596,1.6627053764853763
001597,2.091888900217846
001598,1.2500923788704958
001599,1.7926031502963775
001600,1.5234886118181987
001601,1.6848104314263983
001602,1.9313166457316804
001603,1.5885587449946914
001604,1.544488635827041
001605,1.8009449706577283
001606,1.2230177322820903
001607,2.1248067875996592
001608,1.6713551773218307
001609,1.693460232359573
001610,1.3147871290468576
001611,1.4424831129797395
001612,1.4424831126151585
001613,1.6252228900309742
001614,2.2680963893857795
001615,1.6187357408448195
001616,1.458357799942838
001617,1.6675108232734468
001618,2.348955759268592
001619,1.6192172930854385
001620,1.942349389435248
001621,1.2080074959874814
001622,1.6982656801398186
001623,1.3924554168168424
001624,1.6761051170157737
001625,1.688654788429086
001626,2.049916421328101
001627,2.194920098808786
001628,1.377408098816805
001629,1.0781708591074164
001630,0.9923221746402844
001631,1.671355178
001632,1.6175341766775144
001633,1.667510821867482
001634,2.222592252
001635,0.8896166101978601
001636,0.994252682
001637,0.9533368962206412
001638,1.7724270002624525
001639,1.6252228903050563
001640,2.055732706889062
001641,1.1087089409664164
001642,2.0360405571983566
001643,2.381894196741466
001644,1.9770615034233727
001645,1.9726292248084143
001646,1.4605887238389883
001647,1.2634114145230386
001648,2.775217891910071
001649,1.1680544265305337
001650,2.075120359566642
001651,1.1471099776350555
001652,1.2243591297950494
001653,1.691799258414639
001654,0.9024635474322834
001655,0.980747265
001656,1.6761606250894707
001657,2.120681311013365
001658,1.6945113621694663
001659,1.6540555694775447
001660,2.389118029552729
001661,1.2218783970060934
001662,0.8327590622469794
001663,2.047352944765504
001664,1.935543948735392
001665,2.0229386118490176
001666,1.646366856434205
001667,0.6612265726484549
001668,1.671355179012867
001669,1.658861019
001670,0.8698350812126883
001671,1.2013975165853967
001672,1.2828711
001673,0.4907020377488745
001674,0.9089092865515324
001675,1.6627053764853763
001676,1.1853469656723388
001677,0.8198621230612408
001678,1.785577059368021
001679,1.729981628309692
001680,1.9876016879020084
001681,1.2720948695527832
001682,1.984269065823849
001683,2.261765762703193
001684,1.6780325704761634
001685,1.0273488809822888
001686,1.881122077
001687,1.4424831122505772
001688,1.6836325562731058
001689,1.7251761813850657
001690,2.0385883238958784
001691,1.7851980495014197
001692,1.6792818969356005
001693,1.1031319230271488
001694,1.608029232021731
001695,1.6685458928018484
001696,1.9802588629818128
001697,1.1865746521974962
001698,0.6579671597194157
001699,1.4357471580442718
001700,2.006294223403034
001701,1.6761606270680025
001702,1.714759405408398
001703,2.007548747635617
001704,1.650211213584115
001705,1.608350803849271
001706,2.0055033421490664
001707,1.6713551773218307
001708,1.6201823417760082
001709,0.5017898565447383
001710,0.370414118
001711,1.5117913723835756
001712,1.104332899948732
001713,2.011821131396621
001714,2.1519156297700035
001715,1.6934602306462356
001716,1.800944972024908
001717,1.435747159132925
001718,1.445042725035979
001719,1.6713551805629834
001720,1.5887717481794863
001721,1.6675108224298678
001722,2.073822894035929
001723,1.6982656805693652
001724,1.5714157951988186
001725,1.706915483769618
001726,0.5311451407544436
001727,1.6713551766172323
001728,1.9070045994995293
001729,0.4654360524889165
001730,1.341857794392943
001731,1.3249442976485386
001732,1.4673957439713647
001733,1.729981624663476
001734,1.6185383143211256
001735,2.1274670051667046
001736,2.373175189186804
001737,1.7299816243717787
001738,1.2946582705326315
001739,2.356705980169094
001740,0.3184742101123405
001741,2.105792546787809
001742,1.684810430574093
001743,1.6252228901680157
001744,1.7937149556238117
001745,2.125472853956986
001746,2.013079900290085
001747,2.120530675
001748,0.7002769421574349
001749,1.3190648167812384
001750,1.5983429517736147
001751,1.754135789136588
001752,2.0473529434223825
001753,2.041853233489089
001754,1.388492353
001755,1.663626402807865
001756,0.6419122717915308
001757,1.960581002420509
001758,1.410644293
001759,0.8883773616353697
001760,0.694733969
001761,1.6513349048292885
001762,1.3722367374850972
001763,2.001728827128533
001764,0.4647307581614007
001765,0.8880507022428805
001766,1.999227007963997
001767,1.676160627209326
001768,1.6252228903050563
001769,2.087722335885549
001770,1.5506841351381029
001771,1.4893690998242988
001772,1.6602160672843294
001773,1.1327860804272245
001774,1.680004982939373
001775,1.6701548468541978
001776,2.0292591118413816
001777,1.9246311357308603
001778,1.4896887842996087
001779,0.8511550400881511
001780,0.814644274
001781,1.7626586687856656
001782,1.9585383500689493
001783,1.5147222287557762
001784,1.430175585756527
001785,1.6175341761319353
001786,1.650211212470979
001787,1.781948835463806
001788,1.6338726952058804
001789,2.145138414
001790,1.8092009213320177
001791,1.746185103692676
001792,2.3567059804265256
001793,1.140203942282496
001794,1.6675108196179385
001795,2.093198449000987
001796,2.2094517669344893
001797,1.4498152851354462
001798,1.523691074137403
001799,1.167711122365453
001800,1.260493605705402
001801,1.1662406784787251
001802,2.2913325428421203
001803,2.030528782311077
001804,0.8235436159999213
001805,1.058398013353865
001806,1.6848104280171765
001807,1.8665044850689696
001808,2.048634686516532
001809,1.605040014893187
001810,0.9936645254996954
001811,1.830904143397444
001812,2.151915632357835
001813,1.0106619874086695
001814,1.669580962
001815,1.7434368810551606
001816,1.0686476027042853
001817,1.1126167879099294
001818,1.796142499602036
001819,1.7117209301158598
001820,1.4299734831860067
001821,1.4922776373068265
001822,1.3984997625539053
001823,1.7855770595186369
001824,2.0347666947627947
001825,1.9876016768247435
001826,2.145138414
001827,1.598342952851198
001828,1.6540555694775447
001829,1.785577059368021
001830,2.522114885061451
001831,2.3489557477221843
001832,1.6113507914220375
001833,1.6243980892861745
001834,1.5957874396616716
001835,1.6713551794356258
001836,1.711908654971749
001837,1.4813233255220966
001838,1.4957870242795466
001839,2.373175197741282
001840,2.065097558620106
001841,1.6768265277630872
001842,0.870098879
001843,1.6207702022409418
001844,1.6627053764853763
001845,2.111252361540715
001846,1.4355926044936744
001847,1.7079749458894635
001848,1.340152012801543
001849,1.9139745892795508
001850,2.040575732605681
001851,1.097216665311948
001852,1.6205465934274008
001853,1.5869473051691103
001854,2.094508011506772
001855,2.0143386551137223
001856,1.2651005430885751
001857,1.1167019437247998
001858,1.8761922580043155
001859,1.121429746346528
001860,1.421319906197653
001861,1.525983546337483
001862,2.193547063907148
001863,2.0783344829018606
001864,1.567569054708851
001865,1.978449140997448
001866,1.5791092630560122
001867,1.7299816315183625
001868,1.5990332712720148
001869,2.0347666952077565
001870,2.1193554514139388
001871,0.924896215
001872,1.4299734846317262
001873,2.1451384189370413
001874,1.4593917642163123
001875,1.7299816243717787
001876,1.2390536262900211
001877,2.2448602300805263
001878,1.688654789140957
001879,1.1520918050059328
001880,0.4027079490647745
001881,2.204048189
001882,1.7589442050764748
001883,1.7203707379422213
001884,2.040575732605681
001885,1.681800914635318
001886,1.7203707311253125
001887,1.6934602352151362
001888,1.5516360413662509
001889,1.7482423271022716
001890,2.381894181651204
001891,1.3081131644523365
001892,1.6848104300058893
001893,0.9662090572937522
001894,1.4962951276198562
001895,0.6921016326290479
001896,1.438639403
001897,1.4357471579233103
001898,1.8009449706577283
001899,1.6252228901680157
001900,0.9948434364608923
001901,1.5868027416870163
001902,1.6085151390167798
001903,1.408272459708119
001904,2.138361203428497
001905,0.9142670614010456
001906,1.089459664529138
001907,1.5916363574298271
001908,1.646366856
001909,1.2105737447029632
001910,2.138361202960939
001911,1.126062802789474
001912,1.9134285474207384
001913,1.755223795226044
001914,1.644618437700218
001915,1.337013833920644
001916,2.1451384179989685
001917,1.5319621881597645
001918,1.8009449705058196
001919,1.4889435575214025
001920,1.6502112148363932
001921,1.617534175859146
001922,1.212847636823955
001923,1.613157560333034
001924,1.6175341766775144
001925,0.3397681206209029
001926,1.442720482
001927,1.721503255637861
001928,1.6082308657967437
001929,1.632553200218746
001930,2.2990779166141344
001931,1.904707188560002
001932,2.208069663
001933,1.9390082504218755
001934,1.6848104314263983
001935,1.0948188944272537
001936,1.7021100344073392
001937,1.6175341765411195
001938,1.4357471573185032
001939,1.7090344029724815
001940,1.6886547889985826
001941,1.4020283386918189
001942,1.5433122061286553
001943,2.057550180716036
001944,1.7978770396966113
001945,1.9328597661069364
001946,2.168181054974708
001947,1.6548086264337865
001948,1.5188418452212726
001949,2.1586928365910243
001950,1.8597260850020776
001951,1.3941720961117885
001952,2.225374603980033
001953,1.7994886389362883
001954,1.7069154808914302
001955,1.5512175063950135
001956,1.9362564683388896
001957,1.6848104290115329
001958,2.126136895570129
001959,1.7338259877794435
001960,1.7937149556238117
001961,2.151915627
001962,1.9786380640293264
001963,2.105792547938226
001964,1.4287780926413869
001965,2.118029578152372
001966,1.979418050757444
001967,1.7674641070783152
001968,1.6213785328775092
001969,1.435747157560426
001970,1.132117852168082
001971,1.970163680771267
001972,1.387132090720612
001973,1.709855738147177
001974,1.6627053739619122
001975,0.4899541183490869
001976,0.6874459347310378
001977,1.6619501656569315
001978,1.6127287290734995
001979,1.0625314474212708
001980,1.2447090402742342
001981,1.6982656807125474
001982,1.6502112145581092
001983,1.658593242016045
001984,2.1464812238617204
001985,1.0713607297231935
001986,1.711121223209372
001987,2.381894181651204
001988,1.2576336804117578
001989,1.0588763450601535
001990,1.1912721693460913
001991,1.5367216483983093
001992,1.7299816313725136
001993,1.7887495078158484
001994,2.373175189705257
001995,1.2518021694314658
001996,2.091888903191085
001997,1.8576141448913628
001998,1.629067247320511
001999,1.3758620240660435
002000,1.3300839189231044
002001,2.015331538312064
002002,0.9604242483853744
002003,1.7023640182767856
002004,0.8297022217952011
002005,1.637717053
002006,1.6540555721273844
002007,2.078334478584444
002008,1.662705372980565
002009,2.365424973742625
002010,1.4741480534278724
002011,1.674467527
002012,1.598628610811127
002013,1.537756842198032
002014,1.2384538253190425
002015,1.590649479813509
002016,1.753047775066585
002017,2.3402367490302205
002018,1.7108403453979486
002019,2.2394838711555733
002020,1.103847923
002021,1.0495871835532156
002022,0.3650963348694835
002023,2.048634671294492
002024,1.296936399471792
002025,1.4398566437486706
002026,0.7110309190551073
002027,2.208274708599799
002028,2.0292591118413816
002029,1.0267568567872238
002030,1.8665139686549528
002031,1.987601681603172
002032,1.7578532200735244
002033,0.8028179785231853
002034,1.4232947661312538
002035,1.3463868558934766
002036,2.1813572199882167
002037,0.7589302983980597
002038,2.0181729813947764
002039,2.153262655800788
002040,1.154423067124011
002041,1.4357471579233103
002042,1.7648465916163905
002043,1.7067171475099805
002044,2.145138414
002045,1.684810426880769
002046,1.5669575776591371
002047,2.6827312537821504
002048,1.6377170530493186
002049,0.7173114171532734
002050,1.527505426
002051,1.6387336881741283
002052,1.601195657463054
002053,2.0820147970730947
002054,0.596494239
002055,1.733825988510303
002056,1.566639842
002057,1.6831333957498895
002058,1.4280803471218466
002059,1.4328603220635252
002060,1.1538715203416263
002061,1.748242329
002062,1.0665630913609752
002063,2.006746565294321
002064,1.510820998015706
002065,1.7657059701961768
002066,1.285518529310658
002067,1.4078395835219306
002068,2.2454433557960245
002069,1.612728729889444
002070,1.5708762630967206
002071,1.5516533000036867
002072,1.7338259860253815
002073,1.6982656801398186
002074,0.697069195
002075,1.7676525923734692
002076,1.5409701426893947
002077,1.6252228914013858
002078,1.608884372187653
002079,1.8434069193118687
002080,0.963426257
002081,2.1799926484611847
002082,1.4395962736068204
002083,1.6934602347868015
002084,2.3731751845207247
002085,2.1383612069351834
002086,1.5807891746968443
002087,1.365135391515753
002088,1.9720945428010213
002089,1.9246311359411985
002090,1.6956471099611827
002091,1.008021594066103
002092,1.6675108220080783
002093,1.6633408308975162
002094,2.085111689401145
002095,1.4357471578023489
002096,1.9432469449868053
002097,2.1329183397337106
002098,1.445369949438433
002099,1.3655206389947252
002100,1.5399749597386034
002101,1.5637223213529423
002102,1.484864213306243
002103,1.4837746914524388
002104,1.3894061881184732
002105,1.429973484029343
002106,1.5448734303001213
002107,1.7434368776746234
002108,1.2634326107584004
002109,1.9992270132072387
002110,2.043130747313132
002111,1.6713551783082683
002112,1.3004116016542082
002113,1.494803657456795
002114,1.4395962756686596
002115,1.4357471587700406
002116,1.6213785338345348
002117,1.65405557
002118,1.662705374242297
002119,2.168181050950201
002120,1.3114034234944625
002121,1.429973484390773
002122,1.6713551784491882
002123,1.6675108203209208
002124,1.762658661950253
002125,1.7069154808914302
002126,1.577217267
002127,0.8314764240750123
002128,2.396330981474151
002129,1.3566977844784265
002130,1.7155652910095145
002131,1.7586697070072852
002132,0.502776167
002133,1.4357471578023489
002134,1.68481043
002135,1.200008941812492
002136,0.954279446
002137,0.4307971208145297
002138,1.6026324726619794
002139,1.843802734
002140,1.5999909578876768
002141,2.2080696727653875
002142,1.6713551766172323
002143,1.9876016768247435
002144,1.5197525555709015
002145,1.720370735476531
002146,1.993414353721148
002147,0.8658186220799065
002148,1.7482423209121485
002149,0.9931367409990484
002150,1.6588610179359662
002151,1.582285352473071
002152,1.999227007527061
002153,1.0531790740682514
002154,1.7117209309817405
002155,1.6300785305263368
002156,1.310465068305559
002157,1.1241137579033615
002158,1.7134177051303603
002159,2.1383612083378583
002160,2.3654249696085152
002161,1.676160623958881
002162,1.8820049231510496
002163,1.7117209309817405
002164,1.589756259716873
002165,0.700710434
002166,1.4483152318722332
002167,1.4299734847522028
002168,1.5233315836620924
002169,1.6846760702150925
002170,2.1867698516516603
002171,1.9057001088075127
002172,2.3373093092083086
002173,1.748242329018262
002174,1.3125379118679557
002175,1.370199371491844
002176,2.260351002603229
002177,1.7069154808914302
002178,1.090677165
002179,1.7991103444538217
002180,2.131583992144237
002181,2.1799926408349592
002182,1.7251761816759548
002183,1.676160623958881
002184,1.6761606233935864
002185,1.7338259813478822
002186,2.0877223292743725
002187,1.7122499373686233
002188,1.014626162702013
002189,1.629067248968883
002190,1.9539475583166268
002191,1.7338259857330378
002192,1.4424831100630902
002193,1.0201205522700163
002194,1.585090451955128
002195,0.8913515084237994
002196,1.1838310786447577
002197,0.7804819789803117
002198,1.2528878032429125
002199,1.6761606252307946
002200,1.7530477685639172
002201,1.632101073311317
002202,1.8688406424207875
002203,1.6934602336445768
002204,1.847845077204448
002205,1.558214148597279
002206,1.715565291154151
002207,1.7626586629904244
002208,2.124806781327537
002209,0.9622021854370646
002210,0.5850010033888221
002211,1.1121678058678464
002212,1.6588610179359662
002213,1.580789177628164
002214,1.6886547878595894
002215,2.165470046227743
002216,1.4285694839050709
002217,1.674467527
002218,1.800880690612647
002219,1.4357471576813874
002220,2.3103007047299005
002221,1.658861019
002222,2.306823304186929
002223,1.139115550075977
002224,1.9940776987860585
002225,1.6323171781428618
002226,1.7251761821122886
002227,1.68481043
002228,1.4328603220635252
002229,1.7155652869596896
002230,1.5963283123612186
002231,1.7203707333009215
002232,1.923225508200998
002233,1.8075527228337696
002234,1.5906494716363695
002235,2.124806783882846
002236,1.5290092117755054
002237,1.688654785439229
002238,1.667510819477342
002239,1.7003738890013198
002240,1.9900889863315665
002241,1.6800049849224297
002242,1.564264765101483
002243,1.4114237834926215
002244,2.3818941990830584
002245,2.105792567955483
002246,1.4501179082696738
002247,1.4605969960920844
002248,1.5412815037622978
002249,1.5408119449684754
002250,2.252605613871041
002251,1.3579328731665836
002252,1.7251761794942853
002253,0.726324831
002254,2.373175195149016
002255,2.1044751523286847
002256,0.9861492754816084
002257,1.4328603220635252
002258,2.230337646932393
002259,1.5868027380763536
002260,0.9687241605653188
002261,1.4521058966765676
002262,1.1015769493866907
002263,1.5983429484061675
002264,1.693460235929027
002265,2.223983441194519
002266,1.533910109683036
002267,2.3324865302103945
002268,0.5027761670848336
002269,1.7931197790352815
002270,1.7203707377971806
002271,0.7356970660772779
002272,1.307803215198181
002273,1.6338726946548068
002274,1.2902808379919322
002275,1.359336151240318
002276,0.8406383660508425
002277,1.2959915720642377
002278,2.4859353366946086
002279,1.3117587068327672
002280,1.0259598682589506
002281,1.715565287104326
002282,1.4683096591419236
002283,1.4805299409771604
002284,1.8688406424207875
002285,1.7961424983899972
002286,2.0444082430649093
002287,1.3893007490846014
002288,1.0729382956698794
002289,1.192705168651203
002290,2.048634668832103
002291,2.189507460712932
002292,0.5017898565447383
002293,1.6713551766172323
002294,1.5348280465824031
002295,1.7626586609100814
002296,1.7383485657360918
002297,0.7669851719010135
002298,1.6675108231328504
002299,1.6377170511160364
002300,1.5791092690446948
002301,1.1024327005058905
002302,1.615726551
002303,2.1654700485950995
002304,1.2837177689278123
002305,1.2704192113768582
002306,2.011821119085521
002307,2.030528772554442
002308,1.1612415164140288
002309,2.145138414
002310,1.6252228900309742
002311,1.5377568463454665
002312,2.412779651218837
002313,2.131583995872877
002314,1.6675108203209208
002315,1.7338259888026466
002316,1.7430193245596868
002317,1.7251761831304009
002318,2.1654700549869625
002319,1.372039068439921
002320,1.762658661355869
002321,1.4328603218220872
002322,1.375294338
002323,1.6627053764853763
002324,1.7021100344073392
002325,2.2303376515647884
002326,0.8916570804338669
002327,0.7920267254120835
002328,1.5954749601275848
002329,2.118029577226125
002330,1.5841299951821477
002331,1.7325437173361111
002332,1.715565291154151
002333,1.4513214119014066
002334,0.9731805372010214
002335,2.1193554490983217
002336,1.9934143578600096
002337,0.6739560657035051
002338,1.693460230789014
002339,1.9759763474180307
002340,1.8732690389653603
002341,1.7386314352971617
002342,2.131583997504157
002343,1.603166981604045
002344,1.0953929693400692
002345,0.8112908290152013
002346,2.111252367080456
002347,1.4721553293670289
002348,2.0696278997111777
002349,1.644324010568828
002350,1.4977571448269908
002351,1.5300633713428209
002352,1.0692739764646064
002353,1.0937720200713643
002354,1.586802741285832
002355,1.3078403332588255
002356,1.8020633220981648
002357,1.771169642853696
002358,1.4819514347632785
002359,1.3825848806909429
002360,2.346017426763876
002361,0.9616020819181076
002362,1.471134374887339
002363,1.3847601264014138
002364,1.7154276758692095
002365,1.648410823540127
002366,1.9527256847177905
002367,0.7842202794848017
002368,1.6675108213050962
002369,1.5868027415532884
002370,1.6800049849224297
002371,1.6170526624896422
002372,1.7626586604642935
002373,1.346916931503892
002374,1.5018182319892115
002375,1.1683858090545216
002376,1.884507986302155
002377,1.6464513933950191
002378,1.7284515712500497
002379,2.2225922533835534
002380,1.7626586647735754
002381,1.753047775066585
002382,2.3804044721720627
002383,2.275841765242588
002384,1.5598755842985386
002385,0.4771716070126436
002386,2.1827217877021368
002387,1.202441809891275
002388,1.6463668547683794
002389,2.252605621504447
002390,1.6540555722668495
002391,2.059939192307196
002392,1.0904105439118692
002393,2.161395380521113
002394,1.6300785242075757
002395,1.4183573399015674
002396,1.5262166340388177
002397,2.2448602300805263
002398,1.4299734842702962
002399,1.6377170511160364
002400,2.0206973202624323
002401,1.2341741869879757
002402,0.8374618495604933
002403,1.2277026829786974
002404,1.680004981522904
002405,1.6934602342156893
002406,1.4854976880018094
002407,1.626259399654539
002408,2.390613193919461
002409,1.7251761805123975
002410,1.5243742410339336
002411,2.145138414
002412,2.196293138985975
002413,0.4717513589419245
002414,1.870950895153309
002415,2.306823320576809
002416,1.543835583612938
002417,1.738631434710858
002418,1.011633159396514
002419,0.3691515848113588
002420,1.6060364247983752
002421,1.693460235929027
002422,1.6589994752191992
002423,1.166493672686107
002424,1.274393866330859
002425,1.3364161919022683
002426,2.1759361104015893
002427,1.7378105301454163
002428,1.4371436093971028
002429,1.1030842393429288
002430,1.4605887498066723
002431,1.0429272501833071
002432,1.4328603218220872
002433,1.4626024390471273
002434,2.022133076725804
002435,1.7117209335793813
002436,1.2806521000713451
002437,1.9300697418134545
002438,1.389010683184014
002439,0.7734033486142802
002440,1.9599490938781323
002441,1.4673957439713647
002442,1.7438318264046773
002443,2.1274670051667046
002444,1.601195657463054
002445,1.5983429451734184
002446,1.9594865569761533
002447,1.5704868846412898
002448,1.6502112119144106
002449,1.753047773440918
002450,1.7807142971726118
002451,1.6377170519445858
002452,1.4232375274284532
002453,1.9021832351925083
002454,0.7649505789699222
002455,0.6178321265070168
002456,1.6886547889985826
002457,1.5743407583881293
002458,1.506702990356819
002459,1.845910263065127
002460,1.7482423244493617
002461,1.392373599764411
002462,2.100324300836076
002463,1.7787872522420622
002464,2.2012924462588765
002465,2.179992646316309
002466,0.8421455012155419
002467,1.7937756125134297
002468,1.6982656825739153
002469,1.760035190079425
002470,1.2657504725043067
002471,1.335535916862208
002472,2.118029570510836
002473,2.0279894839460937
002474,1.698265677705722
002475,1.650211213862399
002476,1.4328603220635252
002477,2.1519156340046366
002478,2.682731253488817
002479,1.5339101068387857
002480,1.499827373
002481,0.7172802676125369
002482,1.505993534077221
002483,1.7299816313725136
002484,1.5959228109738068
002485,1.7466830742774035
002486,0.900512227
002487,0.9420349606436774
002488,0.7898535029008029
002489,1.5740023972467716
002490,2.3731751899644835
002491,1.654055570174871
002492,1.4357471584071562
002493,1.6300785225592034
002494,1.7889035603367636
002495,1.671355176758152
002496,0.897326966
002497,1.170446684168091
002498,2.173215441897278
002499,1.630425502942041